{"cameraMode":{"drawMode":0,"name":"Shaded","section":"Shading Mode"},"sceneLighting":false,"audioPlay":false,"sceneViewState":{"m_AlwaysRefresh":false,"showFog":false,"showSkybox":false,"showFlares":false,"showImageEffects":false,"showParticleSystems":false,"showVisualEffectGraphs":true,"m_FxEnabled":true},"in2DMode":false,"pivot":{"x":0.6638666391372681,"y":1.5143828392028809,"z":0.4365013837814331},"rotation":{"x":0.0060869669541716579,"y":-0.9837689399719238,"z":-0.03425847738981247,"w":-0.17625592648983003},"size":0.303083598613739,"orthographic":true}