{"cameraMode":{"drawMode":0,"name":"Shaded","section":"Shading Mode"},"sceneLighting":false,"audioPlay":false,"sceneViewState":{"m_AlwaysRefresh":false,"showFog":false,"showSkybox":false,"showFlares":false,"showImageEffects":false,"showParticleSystems":false,"showVisualEffectGraphs":true,"m_FxEnabled":true},"in2DMode":false,"pivot":{"x":-0.059755682945251468,"y":0.46780750155448916,"z":0.26735979318618777},"rotation":{"x":0.41393718123435976,"y":0.06137765944004059,"z":-0.02797718159854412,"w":0.9078329801559448},"size":1.1450400352478028,"orthographic":true}