{"cameraMode":{"drawMode":0,"name":"Shaded","section":"Shading Mode"},"sceneLighting":true,"audioPlay":false,"sceneViewState":{"m_AlwaysRefresh":false,"showFog":true,"showSkybox":true,"showFlares":true,"showImageEffects":true,"showParticleSystems":true,"showVisualEffectGraphs":true,"m_FxEnabled":true},"in2DMode":false,"pivot":{"x":2.2495970726013185,"y":2.8599441051483156,"z":4.618015289306641},"rotation":{"x":-0.0067428527399897579,"y":-0.9900800585746765,"z":0.13115093111991883,"w":-0.050812944769859317},"size":4.336648464202881,"orthographic":true}