{"cameraMode":{"drawMode":0,"name":"Shaded","section":"Shading Mode"},"sceneLighting":true,"audioPlay":false,"sceneViewState":{"m_AlwaysRefresh":false,"showFog":true,"showSkybox":true,"showFlares":true,"showImageEffects":true,"showParticleSystems":true,"showVisualEffectGraphs":true,"m_FxEnabled":true},"in2DMode":false,"pivot":{"x":0.6897950172424316,"y":-2.3304944038391115,"z":0.10252714157104492},"rotation":{"x":0.004388777539134026,"y":-0.9955856800079346,"z":0.07001558691263199,"w":0.062497857958078387},"size":11.47463321685791,"orthographic":false}