{"cameraMode":{"drawMode":0,"name":"Shaded","section":"Shading Mode"},"sceneLighting":true,"audioPlay":false,"sceneViewState":{"m_AlwaysRefresh":false,"showFog":true,"showSkybox":true,"showFlares":true,"showImageEffects":true,"showParticleSystems":true,"showVisualEffectGraphs":true,"m_FxEnabled":true},"in2DMode":false,"pivot":{"x":-3.5533735752105715,"y":1.7919034957885743,"z":1.0999503135681153},"rotation":{"x":0.3353346288204193,"y":0.6528494358062744,"z":-0.3974877595901489,"w":0.5507782697677612},"size":2.4760305881500246,"orthographic":true}