{"cameraMode":{"drawMode":0,"name":"Shaded","section":"Shading Mode"},"sceneLighting":true,"audioPlay":false,"sceneViewState":{"m_AlwaysRefresh":false,"showFog":true,"showSkybox":true,"showFlares":true,"showImageEffects":true,"showParticleSystems":true,"showVisualEffectGraphs":true,"m_FxEnabled":true},"in2DMode":false,"pivot":{"x":-1.5529781579971314,"y":2.775876760482788,"z":-0.4612220525741577},"rotation":{"x":0.06978641450405121,"y":0.7205808758735657,"z":-0.0733257457613945,"w":0.6859699487686157},"size":1.7782326936721802,"orthographic":true}