{"cameraMode":{"drawMode":0,"name":"Shaded","section":"Shading Mode"},"sceneLighting":true,"audioPlay":false,"sceneViewState":{"m_AlwaysRefresh":false,"showFog":true,"showSkybox":true,"showFlares":true,"showImageEffects":true,"showParticleSystems":true,"showVisualEffectGraphs":true,"m_FxEnabled":true},"in2DMode":false,"pivot":{"x":-1.7686653137207032,"y":1.9893600940704346,"z":3.965888500213623},"rotation":{"x":0.18906250596046449,"y":0.6245860457420349,"z":-0.1594284474849701,"w":0.7407866716384888},"size":2.1171436309814455,"orthographic":true}