{"cameraMode":{"drawMode":0,"name":"Shaded","section":"Shading Mode"},"sceneLighting":true,"audioPlay":false,"sceneViewState":{"m_AlwaysRefresh":false,"showFog":true,"showSkybox":true,"showFlares":true,"showImageEffects":true,"showParticleSystems":true,"showVisualEffectGraphs":true,"m_FxEnabled":true},"in2DMode":false,"pivot":{"x":0.38816267251968386,"y":1.3086105585098267,"z":2.030122995376587},"rotation":{"x":-0.2196982353925705,"y":-0.7583305239677429,"z":0.3170579969882965,"w":-0.5255191922187805},"size":3.7117340564727785,"orthographic":true}